NAME	TITLE	SCORE	
GC	GC vitamin D binding protein [Source:HGNC Symbol;Acc:HGNC:4187]	0.719494	
HRG	histidine rich glycoprotein [Source:HGNC Symbol;Acc:HGNC:5181]	0.55584234	
KRT9	keratin 9 [Source:HGNC Symbol;Acc:HGNC:6447]	0.551203	
CASP14	caspase 14 [Source:HGNC Symbol;Acc:HGNC:1502]	0.5482311	
IGHV3-7	immunoglobulin heavy variable 3-7 [Source:HGNC Symbol;Acc:HGNC:5620]	0.5455997	
LDHB	lactate dehydrogenase B [Source:HGNC Symbol;Acc:HGNC:6541]	0.52975166	
TTR	transthyretin [Source:HGNC Symbol;Acc:HGNC:12405]	0.49549845	
APOA1	apolipoprotein A1 [Source:HGNC Symbol;Acc:HGNC:600]	0.49546188	
C4A	complement C4A (Rodgers blood group) [Source:HGNC Symbol;Acc:HGNC:1323]	0.47735795	
TF	transferrin [Source:HGNC Symbol;Acc:HGNC:11740]	0.47615805	
A2M	alpha-2-macroglobulin [Source:HGNC Symbol;Acc:HGNC:7]	0.4695261	
GAPDH	glyceraldehyde-3-phosphate dehydrogenase [Source:HGNC Symbol;Acc:HGNC:4141]	0.4471698	
KRT77	keratin 77 [Source:HGNC Symbol;Acc:HGNC:20411]	0.43834582	
GPRC5C	G protein-coupled receptor class C group 5 member C [Source:HGNC Symbol;Acc:HGNC:13309]	0.4287143	
ACP2	"acid phosphatase 2, lysosomal [Source:HGNC Symbol;Acc:HGNC:123]"	0.4287143	
SERPINA6	serpin family A member 6 [Source:HGNC Symbol;Acc:HGNC:1540]	0.41402748	
YWHAE	tyrosine 3-monooxygenase/tryptophan 5-monooxygenase activation protein epsilon [Source:HGNC Symbol;Acc:HGNC:12851]	0.4097476	
GM2A	GM2 ganglioside activator [Source:HGNC Symbol;Acc:HGNC:4367]	0.4065797	
BHMT	betaine--homocysteine S-methyltransferase [Source:HGNC Symbol;Acc:HGNC:1047]	0.39538643	
SERPINC1	serpin family C member 1 [Source:HGNC Symbol;Acc:HGNC:775]	0.39058733	
PRDX1	peroxiredoxin 1 [Source:HGNC Symbol;Acc:HGNC:9352]	0.38340837	
APOA2	apolipoprotein A2 [Source:HGNC Symbol;Acc:HGNC:601]	0.38340837	
GGH	gamma-glutamyl hydrolase [Source:HGNC Symbol;Acc:HGNC:4248]	0.37738398	
SERPINA1	serpin family A member 1 [Source:HGNC Symbol;Acc:HGNC:8941]	0.37461033	
CSTB	cystatin B [Source:HGNC Symbol;Acc:HGNC:2482]	0.3709174	
HBD	hemoglobin subunit delta [Source:HGNC Symbol;Acc:HGNC:4829]	0.36586225	
HPX	hemopexin [Source:HGNC Symbol;Acc:HGNC:5171]	0.36322895	
GOLM1	golgi membrane protein 1 [Source:HGNC Symbol;Acc:HGNC:15451]	0.35975444	
CPQ	carboxypeptidase Q [Source:HGNC Symbol;Acc:HGNC:16910]	0.35940313	
PGA3	pepsinogen A3 [Source:HGNC Symbol;Acc:HGNC:8885]	0.34302616	
APOA4	apolipoprotein A4 [Source:HGNC Symbol;Acc:HGNC:602]	0.3428773	
PKM	pyruvate kinase M1/2 [Source:HGNC Symbol;Acc:HGNC:9021]	0.3428773	
KRT8	keratin 8 [Source:HGNC Symbol;Acc:HGNC:6446]	0.3428773	
ALDOC	"aldolase, fructose-bisphosphate C [Source:HGNC Symbol;Acc:HGNC:418]"	0.3428773	
GALNS	galactosamine (N-acetyl)-6-sulfatase [Source:HGNC Symbol;Acc:HGNC:4122]	0.3428773	
CALB1	calbindin 1 [Source:HGNC Symbol;Acc:HGNC:1434]	0.34029913	
LAMP2	lysosomal associated membrane protein 2 [Source:HGNC Symbol;Acc:HGNC:6501]	0.33864853	
AZGP1	"alpha-2-glycoprotein 1, zinc-binding [Source:HGNC Symbol;Acc:HGNC:910]"	0.33752972	
GSTM3	glutathione S-transferase mu 3 [Source:HGNC Symbol;Acc:HGNC:4635]	0.32173115	
ZNF233	zinc finger protein 233 [Source:HGNC Symbol;Acc:HGNC:30946]	0.32173115	
IGLV3-21	immunoglobulin lambda variable 3-21 [Source:HGNC Symbol;Acc:HGNC:5905]	0.32173115	
SUSD2	sushi domain containing 2 [Source:HGNC Symbol;Acc:HGNC:30667]	0.32173115	
MSN	moesin [Source:HGNC Symbol;Acc:HGNC:7373]	0.32173115	
HID1	HID1 domain containing [Source:HGNC Symbol;Acc:HGNC:15736]	0.31622776	
ANXA2	annexin A2 [Source:HGNC Symbol;Acc:HGNC:537]	0.31311604	
GSTP1	glutathione S-transferase pi 1 [Source:HGNC Symbol;Acc:HGNC:4638]	0.30916172	
ANXA1	annexin A1 [Source:HGNC Symbol;Acc:HGNC:533]	0.30684263	
SOD1	superoxide dismutase 1 [Source:HGNC Symbol;Acc:HGNC:11179]	0.3058677	
YWHAZ	tyrosine 3-monooxygenase/tryptophan 5-monooxygenase activation protein zeta [Source:HGNC Symbol;Acc:HGNC:12855]	0.29230356	
HBA1	hemoglobin subunit alpha 1 [Source:HGNC Symbol;Acc:HGNC:4823]	0.2872796	
AFM	afamin [Source:HGNC Symbol;Acc:HGNC:316]	0.27213478	
CTSA	cathepsin A [Source:HGNC Symbol;Acc:HGNC:9251]	0.26808044	
CTSZ	cathepsin Z [Source:HGNC Symbol;Acc:HGNC:2547]	0.2611686	
TGM3	transglutaminase 3 [Source:HGNC Symbol;Acc:HGNC:11779]	0.2587318	
RETN	resistin [Source:HGNC Symbol;Acc:HGNC:20389]	0.25228265	
ASAH1	N-acylsphingosine amidohydrolase 1 [Source:HGNC Symbol;Acc:HGNC:735]	0.24631077	
HBB	hemoglobin subunit beta [Source:HGNC Symbol;Acc:HGNC:4827]	0.24573661	
CASP8AP2	caspase 8 associated protein 2 [Source:HGNC Symbol;Acc:HGNC:1510]	0.24025308	
GOT1	glutamic-oxaloacetic transaminase 1 [Source:HGNC Symbol;Acc:HGNC:4432]	0.24025308	
TENM2	teneurin transmembrane protein 2 [Source:HGNC Symbol;Acc:HGNC:29943]	0.24025308	
SLC44A4	solute carrier family 44 member 4 [Source:HGNC Symbol;Acc:HGNC:13941]	0.24025308	
SPC24	SPC24 component of NDC80 kinetochore complex [Source:HGNC Symbol;Acc:HGNC:26913]	0.24025308	
KIRREL1	kirre like nephrin family adhesion molecule 1 [Source:HGNC Symbol;Acc:HGNC:15734]	0.24025308	
VTA1	vesicle trafficking 1 [Source:HGNC Symbol;Acc:HGNC:20954]	0.24025308	
ICOSLG	inducible T cell costimulator ligand [Source:HGNC Symbol;Acc:HGNC:17087]	0.23717083	
GPC3	glypican 3 [Source:HGNC Symbol;Acc:HGNC:4451]	0.2319379	
KRT10	keratin 10 [Source:HGNC Symbol;Acc:HGNC:6413]	0.23085973	
SLURP2	secreted LY6/PLAUR domain containing 2 [Source:HGNC Symbol;Acc:HGNC:25549]	0.22664559	
BTN2A1	butyrophilin subfamily 2 member A1 [Source:HGNC Symbol;Acc:HGNC:1136]	0.22631931	
S100A11	S100 calcium binding protein A11 [Source:HGNC Symbol;Acc:HGNC:10488]	0.21643156	
ELANE	"elastase, neutrophil expressed [Source:HGNC Symbol;Acc:HGNC:3309]"	0.20178044	
SIAE	sialic acid acetylesterase [Source:HGNC Symbol;Acc:HGNC:18187]	0.20178044	
MYLK	myosin light chain kinase [Source:HGNC Symbol;Acc:HGNC:7590]	0.19371295	
CREB3L3	cAMP responsive element binding protein 3 like 3 [Source:HGNC Symbol;Acc:HGNC:18855]	0.19371295	
MT1HL1	metallothionein 1H like 1 [Source:HGNC Symbol;Acc:HGNC:31864]	0.19371295	
FUCA1	alpha-L-fucosidase 1 [Source:HGNC Symbol;Acc:HGNC:4006]	0.19371295	
B4GAT1	"beta-1,4-glucuronyltransferase 1 [Source:HGNC Symbol;Acc:HGNC:15685]"	0.19371295	
EIF6	eukaryotic translation initiation factor 6 [Source:HGNC Symbol;Acc:HGNC:6159]	0.19371295	
IL18BP	interleukin 18 binding protein [Source:HGNC Symbol;Acc:HGNC:5987]	0.19371295	
AIFM2	apoptosis inducing factor mitochondria associated 2 [Source:HGNC Symbol;Acc:HGNC:21411]	0.19371295	
NUCB1	nucleobindin 1 [Source:HGNC Symbol;Acc:HGNC:8043]	0.19371295	
C11orf54	chromosome 11 open reading frame 54 [Source:HGNC Symbol;Acc:HGNC:30204]	0.19371295	
DYDC1	DPY30 domain containing 1 [Source:HGNC Symbol;Acc:HGNC:23460]	0.19371295	
OSBPL3	oxysterol binding protein like 3 [Source:HGNC Symbol;Acc:HGNC:16370]	0.19371295	
BMPR2	bone morphogenetic protein receptor type 2 [Source:HGNC Symbol;Acc:HGNC:1078]	0.19371295	
RNASET2	ribonuclease T2 [Source:HGNC Symbol;Acc:HGNC:21686]	0.19371295	
NPC2	NPC intracellular cholesterol transporter 2 [Source:HGNC Symbol;Acc:HGNC:14537]	0.19371295	
ITLN1	intelectin 1 [Source:HGNC Symbol;Acc:HGNC:18259]	0.19371295	
AQP1	aquaporin 1 (Colton blood group) [Source:HGNC Symbol;Acc:HGNC:633]	0.19371295	
PFN1	profilin 1 [Source:HGNC Symbol;Acc:HGNC:8881]	0.19371295	
CTSC	cathepsin C [Source:HGNC Symbol;Acc:HGNC:2528]	0.19371295	
DYNC1H1	dynein cytoplasmic 1 heavy chain 1 [Source:HGNC Symbol;Acc:HGNC:2961]	0.19371295	
H2BC3	H2B clustered histone 3 [Source:HGNC Symbol;Acc:HGNC:4751]	0.19371295	
CFHR1	complement factor H related 1 [Source:HGNC Symbol;Acc:HGNC:4888]	0.19371295	
IGFLR1	IGF like family receptor 1 [Source:HGNC Symbol;Acc:HGNC:23620]	0.19371295	
FAM3B	FAM3 metabolism regulating signaling molecule B [Source:HGNC Symbol;Acc:HGNC:1253]	0.19371295	
IL4R	interleukin 4 receptor [Source:HGNC Symbol;Acc:HGNC:6015]	0.19371295	
LGALS9B	galectin 9B [Source:HGNC Symbol;Acc:HGNC:24842]	0.19371295	
COL4A2	collagen type IV alpha 2 chain [Source:HGNC Symbol;Acc:HGNC:2203]	0.19371295	
LPA	lipoprotein(a) [Source:HGNC Symbol;Acc:HGNC:6667]	0.19371295	
LTBP4	latent transforming growth factor beta binding protein 4 [Source:HGNC Symbol;Acc:HGNC:6717]	0.19371295	
MAN2B2	mannosidase alpha class 2B member 2 [Source:HGNC Symbol;Acc:HGNC:29623]	0.19371295	
BAMBI	BMP and activin membrane bound inhibitor [Source:HGNC Symbol;Acc:HGNC:30251]	0.19371295	
DBI	"diazepam binding inhibitor, acyl-CoA binding protein [Source:HGNC Symbol;Acc:HGNC:2690]"	0.19371295	
CA1	carbonic anhydrase 1 [Source:HGNC Symbol;Acc:HGNC:1368]	0.19371295	
MMRN1	multimerin 1 [Source:HGNC Symbol;Acc:HGNC:7178]	0.19371295	
TFPI	tissue factor pathway inhibitor [Source:HGNC Symbol;Acc:HGNC:11760]	0.19371295	
ABCF1	ATP binding cassette subfamily F member 1 [Source:HGNC Symbol;Acc:HGNC:70]	0.19371295	
CPVL	carboxypeptidase vitellogenic like [Source:HGNC Symbol;Acc:HGNC:14399]	0.19371295	
ENO1	enolase 1 [Source:HGNC Symbol;Acc:HGNC:3350]	0.18846856	
A1BG	alpha-1-B glycoprotein [Source:HGNC Symbol;Acc:HGNC:5]	0.1799619	
GLB1	galactosidase beta 1 [Source:HGNC Symbol;Acc:HGNC:4298]	0.17899495	
ACTB	actin beta [Source:HGNC Symbol;Acc:HGNC:132]	0.1756598	
SERPINA3	serpin family A member 3 [Source:HGNC Symbol;Acc:HGNC:16]	0.17544304	
S100A9	S100 calcium binding protein A9 [Source:HGNC Symbol;Acc:HGNC:10499]	0.1720642	
CLU	clusterin [Source:HGNC Symbol;Acc:HGNC:2095]	0.14819488	
ALB	albumin [Source:HGNC Symbol;Acc:HGNC:399]	0.14769475	
IGHG2	immunoglobulin heavy constant gamma 2 (G2m marker) [Source:HGNC Symbol;Acc:HGNC:5526]	0.14557478	
ALDOB	"aldolase, fructose-bisphosphate B [Source:HGNC Symbol;Acc:HGNC:417]"	0.14483374	
SCPEP1	serine carboxypeptidase 1 [Source:HGNC Symbol;Acc:HGNC:29507]	0.13552618	
ACTN1	actinin alpha 1 [Source:HGNC Symbol;Acc:HGNC:163]	0.13552618	
HSPA6	heat shock protein family A (Hsp70) member 6 [Source:HGNC Symbol;Acc:HGNC:5239]	0.13552618	
CNTN1	contactin 1 [Source:HGNC Symbol;Acc:HGNC:2171]	0.13552618	
PSAP	prosaposin [Source:HGNC Symbol;Acc:HGNC:9498]	0.12566575	
PRDX2	peroxiredoxin 2 [Source:HGNC Symbol;Acc:HGNC:9353]	0.12511359	
ANXA3	annexin A3 [Source:HGNC Symbol;Acc:HGNC:541]	0.11843135	
IGHV3-23	immunoglobulin heavy variable 3-23 [Source:HGNC Symbol;Acc:HGNC:5588]	0.11588181	
KLK1	kallikrein 1 [Source:HGNC Symbol;Acc:HGNC:6357]	0.11498793	
DLST	dihydrolipoamide S-succinyltransferase [Source:HGNC Symbol;Acc:HGNC:2911]	0.110535964	
IGSF8	immunoglobulin superfamily member 8 [Source:HGNC Symbol;Acc:HGNC:17813]	0.108604304	
OLFM4	olfactomedin 4 [Source:HGNC Symbol;Acc:HGNC:17190]	0.10540926	
C16orf89	chromosome 16 open reading frame 89 [Source:HGNC Symbol;Acc:HGNC:28687]	0.10540926	
HSPB1	heat shock protein family B (small) member 1 [Source:HGNC Symbol;Acc:HGNC:5246]	0.10540926	
MADCAM1	mucosal vascular addressin cell adhesion molecule 1 [Source:HGNC Symbol;Acc:HGNC:6765]	0.10182693	
LRG1	leucine rich alpha-2-glycoprotein 1 [Source:HGNC Symbol;Acc:HGNC:29480]	0.09772476	
IGHM	immunoglobulin heavy constant mu [Source:HGNC Symbol;Acc:HGNC:5541]	0.09498721	
HEG1	heart development protein with EGF like domains 1 [Source:HGNC Symbol;Acc:HGNC:29227]	0.094887316	
C3	complement C3 [Source:HGNC Symbol;Acc:HGNC:1318]	0.09349645	
ENO3	enolase 3 [Source:HGNC Symbol;Acc:HGNC:3354]	0.08694153	
CTSB	cathepsin B [Source:HGNC Symbol;Acc:HGNC:2527]	0.08440309	
PRCP	prolylcarboxypeptidase [Source:HGNC Symbol;Acc:HGNC:9344]	0.072772026	
LRP2	LDL receptor related protein 2 [Source:HGNC Symbol;Acc:HGNC:6694]	0.06480099	
CTSH	cathepsin H [Source:HGNC Symbol;Acc:HGNC:2535]	0.06324555	
CP	ceruloplasmin [Source:HGNC Symbol;Acc:HGNC:2295]	0.05608358	
TPP1	tripeptidyl peptidase 1 [Source:HGNC Symbol;Acc:HGNC:2073]	0.0558049	
CALML5	calmodulin like 5 [Source:HGNC Symbol;Acc:HGNC:18180]	0.05257871	
TNXB	tenascin XB [Source:HGNC Symbol;Acc:HGNC:11976]	0.05070948	
PGK1	phosphoglycerate kinase 1 [Source:HGNC Symbol;Acc:HGNC:8896]	0.043768886	
SOD3	superoxide dismutase 3 [Source:HGNC Symbol;Acc:HGNC:11181]	0.034655843	
FGG	fibrinogen gamma chain [Source:HGNC Symbol;Acc:HGNC:3694]	0.034282755	
GNS	glucosamine (N-acetyl)-6-sulfatase [Source:HGNC Symbol;Acc:HGNC:4422]	0.03302637	
IGKV3-15	immunoglobulin kappa variable 3-15 [Source:HGNC Symbol;Acc:HGNC:5816]	0.029683504	
BCAM	basal cell adhesion molecule (Lutheran blood group) [Source:HGNC Symbol;Acc:HGNC:6722]	0.0	
ENPEP	glutamyl aminopeptidase [Source:HGNC Symbol;Acc:HGNC:3355]	0.0	
ANGPTL2	angiopoietin like 2 [Source:HGNC Symbol;Acc:HGNC:490]	0.0	
AGRN	agrin [Source:HGNC Symbol;Acc:HGNC:329]	0.0	
DEFA1	defensin alpha 1 [Source:HGNC Symbol;Acc:HGNC:2761]	0.0	
CSPG4	chondroitin sulfate proteoglycan 4 [Source:HGNC Symbol;Acc:HGNC:2466]	0.0	
PSCA	prostate stem cell antigen [Source:HGNC Symbol;Acc:HGNC:9500]	0.0	
NAGA	alpha-N-acetylgalactosaminidase [Source:HGNC Symbol;Acc:HGNC:7631]	0.0	
PI16	peptidase inhibitor 16 [Source:HGNC Symbol;Acc:HGNC:21245]	0.0	
SPRR2E	small proline rich protein 2E [Source:HGNC Symbol;Acc:HGNC:11265]	0.0	
CUTA	cutA divalent cation tolerance homolog [Source:HGNC Symbol;Acc:HGNC:21101]	0.0	
APOE	apolipoprotein E [Source:HGNC Symbol;Acc:HGNC:613]	0.0	
ECM1	extracellular matrix protein 1 [Source:HGNC Symbol;Acc:HGNC:3153]	0.0	
PTPRS	protein tyrosine phosphatase receptor type S [Source:HGNC Symbol;Acc:HGNC:9681]	0.0	
MANBA	mannosidase beta [Source:HGNC Symbol;Acc:HGNC:6831]	0.0	
KLK13	kallikrein related peptidase 13 [Source:HGNC Symbol;Acc:HGNC:6361]	0.0	
FAM3C	FAM3 metabolism regulating signaling molecule C [Source:HGNC Symbol;Acc:HGNC:18664]	0.0	
GGT1	gamma-glutamyltransferase 1 [Source:HGNC Symbol;Acc:HGNC:4250]	0.0	
KRT6B	keratin 6B [Source:HGNC Symbol;Acc:HGNC:6444]	0.0	
KRT72	keratin 72 [Source:HGNC Symbol;Acc:HGNC:28932]	0.0	
CACNA1S	calcium voltage-gated channel subunit alpha1 S [Source:HGNC Symbol;Acc:HGNC:1397]	0.0	
HSPA8	heat shock protein family A (Hsp70) member 8 [Source:HGNC Symbol;Acc:HGNC:5241]	0.0	
FBP1	fructose-bisphosphatase 1 [Source:HGNC Symbol;Acc:HGNC:3606]	0.0	
MUC1	"mucin 1, cell surface associated [Source:HGNC Symbol;Acc:HGNC:7508]"	0.0	
CD9	CD9 molecule [Source:HGNC Symbol;Acc:HGNC:1709]	0.0	
CDH1	cadherin 1 [Source:HGNC Symbol;Acc:HGNC:1748]	-0.012399124	
ORM2	orosomucoid 2 [Source:HGNC Symbol;Acc:HGNC:8499]	-0.015172307	
DNASE1	deoxyribonuclease 1 [Source:HGNC Symbol;Acc:HGNC:2956]	-0.015202242	
CD44	CD44 molecule (Indian blood group) [Source:HGNC Symbol;Acc:HGNC:1681]	-0.02198762	
S100A8	S100 calcium binding protein A8 [Source:HGNC Symbol;Acc:HGNC:10498]	-0.028414045	
LTF	lactotransferrin [Source:HGNC Symbol;Acc:HGNC:6720]	-0.030533662	
C1RL	complement C1r subcomponent like [Source:HGNC Symbol;Acc:HGNC:21265]	-0.03138477	
CTSD	cathepsin D [Source:HGNC Symbol;Acc:HGNC:2529]	-0.03339234	
ACTA2	"actin alpha 2, smooth muscle [Source:HGNC Symbol;Acc:HGNC:130]"	-0.037250593	
IL1RN	interleukin 1 receptor antagonist [Source:HGNC Symbol;Acc:HGNC:6000]	-0.042548474	
DSG3	desmoglein 3 [Source:HGNC Symbol;Acc:HGNC:3050]	-0.042643297	
MUC5B	"mucin 5B, oligomeric mucus/gel-forming [Source:HGNC Symbol;Acc:HGNC:7516]"	-0.046309423	
HYAL1	hyaluronidase 1 [Source:HGNC Symbol;Acc:HGNC:5320]	-0.047286965	
CADM4	cell adhesion molecule 4 [Source:HGNC Symbol;Acc:HGNC:30825]	-0.049217533	
PVR	PVR cell adhesion molecule [Source:HGNC Symbol;Acc:HGNC:9705]	-0.0573216	
IGKV3D-20	immunoglobulin kappa variable 3D-20 [Source:HGNC Symbol;Acc:HGNC:5825]	-0.06038494	
SDC1	syndecan 1 [Source:HGNC Symbol;Acc:HGNC:10658]	-0.060936954	
UBA52	ubiquitin A-52 residue ribosomal protein fusion product 1 [Source:HGNC Symbol;Acc:HGNC:12458]	-0.06650813	
TPI1	triosephosphate isomerase 1 [Source:HGNC Symbol;Acc:HGNC:12009]	-0.07083358	
VTN	vitronectin [Source:HGNC Symbol;Acc:HGNC:12724]	-0.07665574	
IVL	involucrin [Source:HGNC Symbol;Acc:HGNC:6187]	-0.0767307	
CUBN	cubilin [Source:HGNC Symbol;Acc:HGNC:2548]	-0.08593988	
CRNN	cornulin [Source:HGNC Symbol;Acc:HGNC:1230]	-0.09037642	
GP6	glycoprotein VI platelet [Source:HGNC Symbol;Acc:HGNC:14388]	-0.09877627	
SERPINA5	serpin family A member 5 [Source:HGNC Symbol;Acc:HGNC:8723]	-0.10040407	
PEBP1	phosphatidylethanolamine binding protein 1 [Source:HGNC Symbol;Acc:HGNC:8630]	-0.103051595	
ACY1	aminoacylase 1 [Source:HGNC Symbol;Acc:HGNC:177]	-0.10330547	
BTD	biotinidase [Source:HGNC Symbol;Acc:HGNC:1122]	-0.10540926	
MEGF8	multiple EGF like domains 8 [Source:HGNC Symbol;Acc:HGNC:3233]	-0.10540926	
SDCBP	syndecan binding protein [Source:HGNC Symbol;Acc:HGNC:10662]	-0.10540926	
SERPINB4	serpin family B member 4 [Source:HGNC Symbol;Acc:HGNC:10570]	-0.111243345	
FCGR3A	Fc fragment of IgG receptor IIIa [Source:HGNC Symbol;Acc:HGNC:3619]	-0.12983657	
SLC28A1	solute carrier family 28 member 1 [Source:HGNC Symbol;Acc:HGNC:11001]	-0.13552618	
PDCD1LG2	programmed cell death 1 ligand 2 [Source:HGNC Symbol;Acc:HGNC:18731]	-0.13552618	
ALDOA	"aldolase, fructose-bisphosphate A [Source:HGNC Symbol;Acc:HGNC:414]"	-0.13552618	
IGKV3-20	immunoglobulin kappa variable 3-20 [Source:HGNC Symbol;Acc:HGNC:5817]	-0.13671805	
LAIR1	leukocyte associated immunoglobulin like receptor 1 [Source:HGNC Symbol;Acc:HGNC:6477]	-0.13813919	
B2M	beta-2-microglobulin [Source:HGNC Symbol;Acc:HGNC:914]	-0.13847812	
FGB	fibrinogen beta chain [Source:HGNC Symbol;Acc:HGNC:3662]	-0.13935165	
CFI	complement factor I [Source:HGNC Symbol;Acc:HGNC:5394]	-0.14179748	
CDH13	cadherin 13 [Source:HGNC Symbol;Acc:HGNC:1753]	-0.14403081	
IGFBP2	insulin like growth factor binding protein 2 [Source:HGNC Symbol;Acc:HGNC:5471]	-0.1551183	
CD300A	CD300a molecule [Source:HGNC Symbol;Acc:HGNC:19319]	-0.15582654	
PAPPA2	pappalysin 2 [Source:HGNC Symbol;Acc:HGNC:14615]	-0.15811388	
CST3	cystatin C [Source:HGNC Symbol;Acc:HGNC:2475]	-0.1600532	
FOLR1	folate receptor alpha [Source:HGNC Symbol;Acc:HGNC:3791]	-0.16756563	
ARSA	arylsulfatase A [Source:HGNC Symbol;Acc:HGNC:713]	-0.16779093	
NAGLU	N-acetyl-alpha-glucosaminidase [Source:HGNC Symbol;Acc:HGNC:7632]	-0.16826785	
IGHA1	immunoglobulin heavy constant alpha 1 [Source:HGNC Symbol;Acc:HGNC:5478]	-0.16879517	
PLG	plasminogen [Source:HGNC Symbol;Acc:HGNC:9071]	-0.17843713	
TFF2	trefoil factor 2 [Source:HGNC Symbol;Acc:HGNC:11756]	-0.18012854	
MPO	myeloperoxidase [Source:HGNC Symbol;Acc:HGNC:7218]	-0.18142435	
EGF	epidermal growth factor [Source:HGNC Symbol;Acc:HGNC:3229]	-0.18214284	
COMP	cartilage oligomeric matrix protein [Source:HGNC Symbol;Acc:HGNC:2227]	-0.18357337	
ENDOD1	endonuclease domain containing 1 [Source:HGNC Symbol;Acc:HGNC:29129]	-0.18519387	
YIPF3	Yip1 domain family member 3 [Source:HGNC Symbol;Acc:HGNC:21023]	-0.18579604	
GAA	alpha glucosidase [Source:HGNC Symbol;Acc:HGNC:4065]	-0.19270493	
HEXA	hexosaminidase subunit alpha [Source:HGNC Symbol;Acc:HGNC:4878]	-0.19371295	
ANXA5	annexin A5 [Source:HGNC Symbol;Acc:HGNC:543]	-0.19371295	
SERPINB5	serpin family B member 5 [Source:HGNC Symbol;Acc:HGNC:8949]	-0.19371295	
GCHFR	GTP cyclohydrolase I feedback regulator [Source:HGNC Symbol;Acc:HGNC:4194]	-0.19371295	
IL10RB	interleukin 10 receptor subunit beta [Source:HGNC Symbol;Acc:HGNC:5965]	-0.19371295	
TTLL7	tubulin tyrosine ligase like 7 [Source:HGNC Symbol;Acc:HGNC:26242]	-0.19371295	
CLIP1	CAP-Gly domain containing linker protein 1 [Source:HGNC Symbol;Acc:HGNC:10461]	-0.19371295	
IGFALS	insulin like growth factor binding protein acid labile subunit [Source:HGNC Symbol;Acc:HGNC:5468]	-0.19371295	
CLEC4G	C-type lectin domain family 4 member G [Source:HGNC Symbol;Acc:HGNC:24591]	-0.19371295	
PPIAL4A	peptidylprolyl isomerase A like 4A [Source:HGNC Symbol;Acc:HGNC:24369]	-0.19371295	
COL28A1	collagen type XXVIII alpha 1 chain [Source:HGNC Symbol;Acc:HGNC:22442]	-0.19371295	
PYM1	"PYM homolog 1, exon junction complex associated factor [Source:HGNC Symbol;Acc:HGNC:30258]"	-0.19371295	
PGLS	6-phosphogluconolactonase [Source:HGNC Symbol;Acc:HGNC:8903]	-0.19371295	
RTN4RL2	reticulon 4 receptor like 2 [Source:HGNC Symbol;Acc:HGNC:23053]	-0.19371295	
GLRX	glutaredoxin [Source:HGNC Symbol;Acc:HGNC:4330]	-0.19371295	
ITIH1	inter-alpha-trypsin inhibitor heavy chain 1 [Source:HGNC Symbol;Acc:HGNC:6166]	-0.19371295	
PCDH1	protocadherin 1 [Source:HGNC Symbol;Acc:HGNC:8655]	-0.19371295	
BROX	BRO1 domain and CAAX motif containing [Source:HGNC Symbol;Acc:HGNC:26512]	-0.19371295	
ACSL6	acyl-CoA synthetase long chain family member 6 [Source:HGNC Symbol;Acc:HGNC:16496]	-0.19371295	
TALDO1	transaldolase 1 [Source:HGNC Symbol;Acc:HGNC:11559]	-0.19371295	
SFRP4	secreted frizzled related protein 4 [Source:HGNC Symbol;Acc:HGNC:10778]	-0.19371295	
CSTA	cystatin A [Source:HGNC Symbol;Acc:HGNC:2481]	-0.19371295	
GPC4	glypican 4 [Source:HGNC Symbol;Acc:HGNC:4452]	-0.19371295	
CD84	CD84 molecule [Source:HGNC Symbol;Acc:HGNC:1704]	-0.19371295	
PLAU	"plasminogen activator, urokinase [Source:HGNC Symbol;Acc:HGNC:9052]"	-0.19371295	
MELTF	melanotransferrin [Source:HGNC Symbol;Acc:HGNC:7037]	-0.19371295	
CRISP3	cysteine rich secretory protein 3 [Source:HGNC Symbol;Acc:HGNC:16904]	-0.19371295	
ATP6AP1	ATPase H+ transporting accessory protein 1 [Source:HGNC Symbol;Acc:HGNC:868]	-0.19371295	
MMP9	matrix metallopeptidase 9 [Source:HGNC Symbol;Acc:HGNC:7176]	-0.19371295	
TGFBR3	transforming growth factor beta receptor 3 [Source:HGNC Symbol;Acc:HGNC:11774]	-0.19371295	
THRAP3	thyroid hormone receptor associated protein 3 [Source:HGNC Symbol;Acc:HGNC:22964]	-0.19371295	
ALDH1A1	aldehyde dehydrogenase 1 family member A1 [Source:HGNC Symbol;Acc:HGNC:402]	-0.19371295	
MYH9	myosin heavy chain 9 [Source:HGNC Symbol;Acc:HGNC:7579]	-0.19371295	
KRT80	keratin 80 [Source:HGNC Symbol;Acc:HGNC:27056]	-0.19371295	
IGKV1-33	immunoglobulin kappa variable 1-33 [Source:HGNC Symbol;Acc:HGNC:5737]	-0.19371295	
CHGA	chromogranin A [Source:HGNC Symbol;Acc:HGNC:1929]	-0.19371295	
ISLR	immunoglobulin superfamily containing leucine rich repeat [Source:HGNC Symbol;Acc:HGNC:6133]	-0.20178044	
IGFBP3	insulin like growth factor binding protein 3 [Source:HGNC Symbol;Acc:HGNC:5472]	-0.20178044	
NECTIN2	nectin cell adhesion molecule 2 [Source:HGNC Symbol;Acc:HGNC:9707]	-0.20178044	
KRT2	keratin 2 [Source:HGNC Symbol;Acc:HGNC:6439]	-0.20303744	
FCGR3B	Fc fragment of IgG receptor IIIb [Source:HGNC Symbol;Acc:HGNC:3620]	-0.20393763	
FCGBP	Fc fragment of IgG binding protein [Source:HGNC Symbol;Acc:HGNC:13572]	-0.21081851	
PGLYRP2	peptidoglycan recognition protein 2 [Source:HGNC Symbol;Acc:HGNC:30013]	-0.21246468	
UMOD	uromodulin [Source:HGNC Symbol;Acc:HGNC:12559]	-0.21267821	
C7	complement C7 [Source:HGNC Symbol;Acc:HGNC:1346]	-0.21529107	
SERPINA7	serpin family A member 7 [Source:HGNC Symbol;Acc:HGNC:11583]	-0.21571767	
TNFRSF14	TNF receptor superfamily member 14 [Source:HGNC Symbol;Acc:HGNC:11912]	-0.21579152	
NECTIN4	nectin cell adhesion molecule 4 [Source:HGNC Symbol;Acc:HGNC:19688]	-0.21804896	
ICAM2	intercellular adhesion molecule 2 [Source:HGNC Symbol;Acc:HGNC:5345]	-0.22072673	
MME	membrane metalloendopeptidase [Source:HGNC Symbol;Acc:HGNC:7154]	-0.22702707	
FN1	fibronectin 1 [Source:HGNC Symbol;Acc:HGNC:3778]	-0.22745375	
LYPD3	LY6/PLAUR domain containing 3 [Source:HGNC Symbol;Acc:HGNC:24880]	-0.2287258	
IGFBP7	insulin like growth factor binding protein 7 [Source:HGNC Symbol;Acc:HGNC:5476]	-0.23015721	
TFF1	trefoil factor 1 [Source:HGNC Symbol;Acc:HGNC:11755]	-0.23212412	
SPARCL1	SPARC like 1 [Source:HGNC Symbol;Acc:HGNC:11220]	-0.24025308	
NOTCH3	notch receptor 3 [Source:HGNC Symbol;Acc:HGNC:7883]	-0.24025308	
VAT1	vesicle amine transport 1 [Source:HGNC Symbol;Acc:HGNC:16919]	-0.24025308	
CST2	cystatin SA [Source:HGNC Symbol;Acc:HGNC:2474]	-0.24025308	
EFNB1	ephrin B1 [Source:HGNC Symbol;Acc:HGNC:3226]	-0.24025308	
CLTRN	"collectrin, amino acid transport regulator [Source:HGNC Symbol;Acc:HGNC:29437]"	-0.24025308	
CLEC14A	C-type lectin domain containing 14A [Source:HGNC Symbol;Acc:HGNC:19832]	-0.24025308	
CHMP5	charged multivesicular body protein 5 [Source:HGNC Symbol;Acc:HGNC:26942]	-0.24025308	
ASAP2	"ArfGAP with SH3 domain, ankyrin repeat and PH domain 2 [Source:HGNC Symbol;Acc:HGNC:2721]"	-0.24025308	
VIM	vimentin [Source:HGNC Symbol;Acc:HGNC:12692]	-0.24025308	
DEFB1	defensin beta 1 [Source:HGNC Symbol;Acc:HGNC:2766]	-0.24418308	
SPRR3	small proline rich protein 3 [Source:HGNC Symbol;Acc:HGNC:11268]	-0.24557263	
LCN2	lipocalin 2 [Source:HGNC Symbol;Acc:HGNC:6526]	-0.2459402	
RBP4	retinol binding protein 4 [Source:HGNC Symbol;Acc:HGNC:9922]	-0.24660194	
KRT78	keratin 78 [Source:HGNC Symbol;Acc:HGNC:28926]	-0.24928348	
SERPING1	serpin family G member 1 [Source:HGNC Symbol;Acc:HGNC:1228]	-0.2513008	
RNASE2	ribonuclease A family member 2 [Source:HGNC Symbol;Acc:HGNC:10045]	-0.2564472	
THBD	thrombomodulin [Source:HGNC Symbol;Acc:HGNC:11784]	-0.2581989	
MMRN2	multimerin 2 [Source:HGNC Symbol;Acc:HGNC:19888]	-0.2587318	
GPRC5B	G protein-coupled receptor class C group 5 member B [Source:HGNC Symbol;Acc:HGNC:13308]	-0.2611686	
RELT	RELT TNF receptor [Source:HGNC Symbol;Acc:HGNC:13764]	-0.2611686	
OSCAR	osteoclast associated Ig-like receptor [Source:HGNC Symbol;Acc:HGNC:29960]	-0.2611686	
VASN	vasorin [Source:HGNC Symbol;Acc:HGNC:18517]	-0.2623317	
FABP5	fatty acid binding protein 5 [Source:HGNC Symbol;Acc:HGNC:3560]	-0.26274118	
FGA	fibrinogen alpha chain [Source:HGNC Symbol;Acc:HGNC:3661]	-0.26590884	
GRN	granulin precursor [Source:HGNC Symbol;Acc:HGNC:4601]	-0.27059212	
PIGR	polymeric immunoglobulin receptor [Source:HGNC Symbol;Acc:HGNC:8968]	-0.2706084	
PROZ	"protein Z, vitamin K dependent plasma glycoprotein [Source:HGNC Symbol;Acc:HGNC:9460]"	-0.27105236	
NID1	nidogen 1 [Source:HGNC Symbol;Acc:HGNC:7821]	-0.27398288	
TSPAN1	tetraspanin 1 [Source:HGNC Symbol;Acc:HGNC:20657]	-0.2762063	
TPM3	tropomyosin 3 [Source:HGNC Symbol;Acc:HGNC:12012]	-0.27908313	
TPM1	tropomyosin 1 [Source:HGNC Symbol;Acc:HGNC:12010]	-0.27908313	
HP	haptoglobin [Source:HGNC Symbol;Acc:HGNC:5141]	-0.28214926	
CST1	cystatin SN [Source:HGNC Symbol;Acc:HGNC:2473]	-0.29305938	
TACSTD2	tumor associated calcium signal transducer 2 [Source:HGNC Symbol;Acc:HGNC:11530]	-0.2954403	
PROM1	prominin 1 [Source:HGNC Symbol;Acc:HGNC:9454]	-0.30286333	
MATN4	matrilin 4 [Source:HGNC Symbol;Acc:HGNC:6910]	-0.30784753	
LGALS3BP	galectin 3 binding protein [Source:HGNC Symbol;Acc:HGNC:6564]	-0.3108161	
IGHG4	immunoglobulin heavy constant gamma 4 (G4m marker) [Source:HGNC Symbol;Acc:HGNC:5528]	-0.31391937	
IGHV3-74	immunoglobulin heavy variable 3-74 [Source:HGNC Symbol;Acc:HGNC:5624]	-0.31546563	
CEL	carboxyl ester lipase [Source:HGNC Symbol;Acc:HGNC:1848]	-0.31622776	
A2ML1	alpha-2-macroglobulin like 1 [Source:HGNC Symbol;Acc:HGNC:23336]	-0.32152387	
NHLRC3	NHL repeat containing 3 [Source:HGNC Symbol;Acc:HGNC:33751]	-0.32173115	
ACE2	angiotensin converting enzyme 2 [Source:HGNC Symbol;Acc:HGNC:13557]	-0.32173115	
MCAM	melanoma cell adhesion molecule [Source:HGNC Symbol;Acc:HGNC:6934]	-0.32173115	
CYP4F2	cytochrome P450 family 4 subfamily F member 2 [Source:HGNC Symbol;Acc:HGNC:2645]	-0.32173115	
OAF	out at first homolog [Source:HGNC Symbol;Acc:HGNC:28752]	-0.32173115	
PDCD6IP	programmed cell death 6 interacting protein [Source:HGNC Symbol;Acc:HGNC:8766]	-0.32173115	
CALML3	calmodulin like 3 [Source:HGNC Symbol;Acc:HGNC:1452]	-0.32173115	
TMPRSS11E	transmembrane serine protease 11E [Source:HGNC Symbol;Acc:HGNC:24465]	-0.32173115	
LCAT	lecithin-cholesterol acyltransferase [Source:HGNC Symbol;Acc:HGNC:6522]	-0.32173115	
LCP1	lymphocyte cytosolic protein 1 [Source:HGNC Symbol;Acc:HGNC:6528]	-0.324609	
KRT1	keratin 1 [Source:HGNC Symbol;Acc:HGNC:6412]	-0.3269823	
SPINK5	serine peptidase inhibitor Kazal type 5 [Source:HGNC Symbol;Acc:HGNC:15464]	-0.33454683	
TXN	thioredoxin [Source:HGNC Symbol;Acc:HGNC:12435]	-0.33795437	
CD320	CD320 molecule [Source:HGNC Symbol;Acc:HGNC:16692]	-0.34029913	
CDH11	cadherin 11 [Source:HGNC Symbol;Acc:HGNC:1750]	-0.34029913	
IGKV2-28	immunoglobulin kappa variable 2-28 [Source:HGNC Symbol;Acc:HGNC:5783]	-0.34156513	
CPM	carboxypeptidase M [Source:HGNC Symbol;Acc:HGNC:2311]	-0.3417236	
COL12A1	collagen type XII alpha 1 chain [Source:HGNC Symbol;Acc:HGNC:2188]	-0.3428773	
FXYD2	FXYD domain containing ion transport regulator 2 [Source:HGNC Symbol;Acc:HGNC:4026]	-0.3428773	
TGM1	transglutaminase 1 [Source:HGNC Symbol;Acc:HGNC:11777]	-0.3428773	
DPEP1	dipeptidase 1 [Source:HGNC Symbol;Acc:HGNC:3002]	-0.3428773	
B4GALT1	"beta-1,4-galactosyltransferase 1 [Source:HGNC Symbol;Acc:HGNC:924]"	-0.3428773	
CDHR5	cadherin related family member 5 [Source:HGNC Symbol;Acc:HGNC:7521]	-0.3428773	
GLA	galactosidase alpha [Source:HGNC Symbol;Acc:HGNC:4296]	-0.3428773	
SPINK7	serine peptidase inhibitor Kazal type 7 [Source:HGNC Symbol;Acc:HGNC:24643]	-0.34302616	
CADM1	cell adhesion molecule 1 [Source:HGNC Symbol;Acc:HGNC:5951]	-0.34303424	
SBSN	suprabasin [Source:HGNC Symbol;Acc:HGNC:24950]	-0.34305435	
DAG1	dystroglycan 1 [Source:HGNC Symbol;Acc:HGNC:2666]	-0.34347072	
LYZ	lysozyme [Source:HGNC Symbol;Acc:HGNC:6740]	-0.34518504	
APOD	apolipoprotein D [Source:HGNC Symbol;Acc:HGNC:612]	-0.34855852	
SPRR2A	small proline rich protein 2A [Source:HGNC Symbol;Acc:HGNC:11261]	-0.35304418	
F2	"coagulation factor II, thrombin [Source:HGNC Symbol;Acc:HGNC:3535]"	-0.35386425	
EFEMP1	EGF containing fibulin extracellular matrix protein 1 [Source:HGNC Symbol;Acc:HGNC:3218]	-0.3559636	
CD55	CD55 molecule (Cromer blood group) [Source:HGNC Symbol;Acc:HGNC:2665]	-0.35940313	
TNC	tenascin C [Source:HGNC Symbol;Acc:HGNC:5318]	-0.3616533	
KRT73	keratin 73 [Source:HGNC Symbol;Acc:HGNC:28928]	-0.36742443	
PRNP	prion protein [Source:HGNC Symbol;Acc:HGNC:9449]	-0.36971462	
GGT6	gamma-glutamyltransferase 6 [Source:HGNC Symbol;Acc:HGNC:26891]	-0.3712239	
VMO1	vitelline membrane outer layer 1 homolog [Source:HGNC Symbol;Acc:HGNC:30387]	-0.38017684	
THBS1	thrombospondin 1 [Source:HGNC Symbol;Acc:HGNC:11785]	-0.38052985	
TMPRSS11D	transmembrane serine protease 11D [Source:HGNC Symbol;Acc:HGNC:24059]	-0.38071647	
MAN1A1	mannosidase alpha class 1A member 1 [Source:HGNC Symbol;Acc:HGNC:6821]	-0.38340837	
PIK3IP1	phosphoinositide-3-kinase interacting protein 1 [Source:HGNC Symbol;Acc:HGNC:24942]	-0.38453332	
JCHAIN	joining chain of multimeric IgA and IgM [Source:HGNC Symbol;Acc:HGNC:5713]	-0.38897187	
CD300E	CD300e molecule [Source:HGNC Symbol;Acc:HGNC:28874]	-0.39058733	
CHD6	chromodomain helicase DNA binding protein 6 [Source:HGNC Symbol;Acc:HGNC:19057]	-0.39058733	
SPP1	secreted phosphoprotein 1 [Source:HGNC Symbol;Acc:HGNC:11255]	-0.39751995	
CD300LG	CD300 molecule like family member g [Source:HGNC Symbol;Acc:HGNC:30455]	-0.40143266	
CD248	CD248 molecule [Source:HGNC Symbol;Acc:HGNC:18219]	-0.4016741	
C4B	complement C4B (Chido blood group) [Source:HGNC Symbol;Acc:HGNC:1324]	-0.40291753	
CST6	cystatin E/M [Source:HGNC Symbol;Acc:HGNC:2478]	-0.4100062	
PROCR	protein C receptor [Source:HGNC Symbol;Acc:HGNC:9452]	-0.41182122	
CTTN	cortactin [Source:HGNC Symbol;Acc:HGNC:3338]	-0.41311726	
PI3	peptidase inhibitor 3 [Source:HGNC Symbol;Acc:HGNC:8947]	-0.41914138	
SLURP1	secreted LY6/PLAUR domain containing 1 [Source:HGNC Symbol;Acc:HGNC:18746]	-0.42831567	
COL15A1	collagen type XV alpha 1 chain [Source:HGNC Symbol;Acc:HGNC:2192]	-0.4330539	
QPCT	glutaminyl-peptide cyclotransferase [Source:HGNC Symbol;Acc:HGNC:9753]	-0.43623537	
SLPI	secretory leukocyte peptidase inhibitor [Source:HGNC Symbol;Acc:HGNC:11092]	-0.45308855	
IST1	IST1 factor associated with ESCRT-III [Source:HGNC Symbol;Acc:HGNC:28977]	-0.45528647	
CDH2	cadherin 2 [Source:HGNC Symbol;Acc:HGNC:1759]	-0.4654834	
ACP3	acid phosphatase 3 [Source:HGNC Symbol;Acc:HGNC:125]	-0.46597582	
NUTF2	nuclear transport factor 2 [Source:HGNC Symbol;Acc:HGNC:13722]	-0.46791357	
PCOLCE	procollagen C-endopeptidase enhancer [Source:HGNC Symbol;Acc:HGNC:8738]	-0.4762646	
CST4	cystatin S [Source:HGNC Symbol;Acc:HGNC:2476]	-0.47923577	
ITIH4	inter-alpha-trypsin inhibitor heavy chain 4 [Source:HGNC Symbol;Acc:HGNC:6169]	-0.48174626	
IGKV3-11	immunoglobulin kappa variable 3-11 [Source:HGNC Symbol;Acc:HGNC:5815]	-0.48300624	
WFDC2	WAP four-disulfide core domain 2 [Source:HGNC Symbol;Acc:HGNC:15939]	-0.48952892	
MXRA8	matrix remodeling associated 8 [Source:HGNC Symbol;Acc:HGNC:7542]	-0.49872586	
CHGB	chromogranin B [Source:HGNC Symbol;Acc:HGNC:1930]	-0.5004968	
SH3BGRL3	SH3 domain binding glutamate rich protein like 3 [Source:HGNC Symbol;Acc:HGNC:15568]	-0.50471866	
CCN3	cellular communication network factor 3 [Source:HGNC Symbol;Acc:HGNC:7885]	-0.5052897	
LMAN2	"lectin, mannose binding 2 [Source:HGNC Symbol;Acc:HGNC:16986]"	-0.50539804	
MEP1A	meprin A subunit alpha [Source:HGNC Symbol;Acc:HGNC:7015]	-0.5148945	
SULF2	sulfatase 2 [Source:HGNC Symbol;Acc:HGNC:20392]	-0.52067655	
CPN2	carboxypeptidase N subunit 2 [Source:HGNC Symbol;Acc:HGNC:2313]	-0.521365	
NGFR	nerve growth factor receptor [Source:HGNC Symbol;Acc:HGNC:7809]	-0.528119	
REG1A	regenerating family member 1 alpha [Source:HGNC Symbol;Acc:HGNC:9951]	-0.535821	
HAVCR2	hepatitis A virus cellular receptor 2 [Source:HGNC Symbol;Acc:HGNC:18437]	-0.5384327	
APP	amyloid beta precursor protein [Source:HGNC Symbol;Acc:HGNC:620]	-0.5406954	
AXL	AXL receptor tyrosine kinase [Source:HGNC Symbol;Acc:HGNC:905]	-0.54191613	
SERPINB13	serpin family B member 13 [Source:HGNC Symbol;Acc:HGNC:8944]	-0.54587966	
MASP2	MBL associated serine protease 2 [Source:HGNC Symbol;Acc:HGNC:6902]	-0.5481524	
THY1	Thy-1 cell surface antigen [Source:HGNC Symbol;Acc:HGNC:11801]	-0.5482311	
SHISA5	shisa family member 5 [Source:HGNC Symbol;Acc:HGNC:30376]	-0.55075413	
KRT15	keratin 15 [Source:HGNC Symbol;Acc:HGNC:6421]	-0.5529374	
GPX3	glutathione peroxidase 3 [Source:HGNC Symbol;Acc:HGNC:4555]	-0.55584234	
KRT16	keratin 16 [Source:HGNC Symbol;Acc:HGNC:6423]	-0.5580712	
COL6A3	collagen type VI alpha 3 chain [Source:HGNC Symbol;Acc:HGNC:2213]	-0.558349	
FBLN5	fibulin 5 [Source:HGNC Symbol;Acc:HGNC:3602]	-0.5613655	
SPRR2F	small proline rich protein 2F [Source:HGNC Symbol;Acc:HGNC:11266]	-0.5665698	
OPCML	opioid binding protein/cell adhesion molecule like [Source:HGNC Symbol;Acc:HGNC:8143]	-0.57864904	
ANPEP	"alanyl aminopeptidase, membrane [Source:HGNC Symbol;Acc:HGNC:500]"	-0.57914776	
AMBP	alpha-1-microglobulin/bikunin precursor [Source:HGNC Symbol;Acc:HGNC:453]	-0.5860763	
SPRR2B	small proline rich protein 2B [Source:HGNC Symbol;Acc:HGNC:11262]	-0.5869113	
APOH	apolipoprotein H [Source:HGNC Symbol;Acc:HGNC:616]	-0.59127206	
CD14	CD14 molecule [Source:HGNC Symbol;Acc:HGNC:1628]	-0.59127635	
KRT19	keratin 19 [Source:HGNC Symbol;Acc:HGNC:6436]	-0.59719384	
SERPINB3	serpin family B member 3 [Source:HGNC Symbol;Acc:HGNC:10569]	-0.6061521	
AHSG	alpha 2-HS glycoprotein [Source:HGNC Symbol;Acc:HGNC:349]	-0.60913736	
DSC2	desmocollin 2 [Source:HGNC Symbol;Acc:HGNC:3036]	-0.6168133	
RNASE1	"ribonuclease A family member 1, pancreatic [Source:HGNC Symbol;Acc:HGNC:10044]"	-0.6177962	
PIP	prolactin induced protein [Source:HGNC Symbol;Acc:HGNC:8993]	-0.6226707	
COL6A1	collagen type VI alpha 1 chain [Source:HGNC Symbol;Acc:HGNC:2211]	-0.6237466	
LTBP2	latent transforming growth factor beta binding protein 2 [Source:HGNC Symbol;Acc:HGNC:6715]	-0.62560415	
SPRR1B	small proline rich protein 1B [Source:HGNC Symbol;Acc:HGNC:11260]	-0.6288455	
CD59	CD59 molecule (CD59 blood group) [Source:HGNC Symbol;Acc:HGNC:1689]	-0.63113743	
CDA	cytidine deaminase [Source:HGNC Symbol;Acc:HGNC:1712]	-0.64073324	
CD27	CD27 molecule [Source:HGNC Symbol;Acc:HGNC:11922]	-0.6446872	
KRT4	keratin 4 [Source:HGNC Symbol;Acc:HGNC:6441]	-0.64731777	
SPRR1A	small proline rich protein 1A [Source:HGNC Symbol;Acc:HGNC:11259]	-0.660215	
FBN1	fibrillin 1 [Source:HGNC Symbol;Acc:HGNC:3603]	-0.6674238	
KRT5	keratin 5 [Source:HGNC Symbol;Acc:HGNC:6442]	-0.67435896	
CLEC3B	C-type lectin domain family 3 member B [Source:HGNC Symbol;Acc:HGNC:11891]	-0.67496747	
KRT6C	keratin 6C [Source:HGNC Symbol;Acc:HGNC:20406]	-0.68598896	
ACVR1B	activin A receptor type 1B [Source:HGNC Symbol;Acc:HGNC:172]	-0.6920389	
KRT74	keratin 74 [Source:HGNC Symbol;Acc:HGNC:28929]	-0.693978	
SECTM1	secreted and transmembrane 1 [Source:HGNC Symbol;Acc:HGNC:10707]	-0.7017268	
CSF1	colony stimulating factor 1 [Source:HGNC Symbol;Acc:HGNC:2432]	-0.70303035	
PGLYRP1	peptidoglycan recognition protein 1 [Source:HGNC Symbol;Acc:HGNC:8904]	-0.71031094	
AMY1C	amylase alpha 1C [Source:HGNC Symbol;Acc:HGNC:476]	-0.7318406	
KRT13	keratin 13 [Source:HGNC Symbol;Acc:HGNC:6415]	-0.74476516	
KNG1	kininogen 1 [Source:HGNC Symbol;Acc:HGNC:6383]	-0.7560972	
AMY2B	amylase alpha 2B [Source:HGNC Symbol;Acc:HGNC:478]	-0.7593441	
GSN	gelsolin [Source:HGNC Symbol;Acc:HGNC:4620]	-0.76362723	
CTBS	chitobiase [Source:HGNC Symbol;Acc:HGNC:2496]	-0.76672494	
VSIG4	V-set and immunoglobulin domain containing 4 [Source:HGNC Symbol;Acc:HGNC:17032]	-0.7829062	
SIRPA	signal regulatory protein alpha [Source:HGNC Symbol;Acc:HGNC:9662]	-0.7872782	
KRT6A	keratin 6A [Source:HGNC Symbol;Acc:HGNC:6443]	-0.8324043	
FBLN2	fibulin 2 [Source:HGNC Symbol;Acc:HGNC:3601]	-0.86648166	
PTGDS	prostaglandin D2 synthase [Source:HGNC Symbol;Acc:HGNC:9592]	-0.8772662	
HSPG2	heparan sulfate proteoglycan 2 [Source:HGNC Symbol;Acc:HGNC:5273]	-1.0497639	
CCN5	cellular communication network factor 5 [Source:HGNC Symbol;Acc:HGNC:12770]	-1.0715107	
HMCN1	hemicentin 1 [Source:HGNC Symbol;Acc:HGNC:19194]	-1.0816592	
ROBO4	roundabout guidance receptor 4 [Source:HGNC Symbol;Acc:HGNC:17985]	-1.2892927	
ATRN	attractin [Source:HGNC Symbol;Acc:HGNC:885]	-1.2944822	
QSOX1	quiescin sulfhydryl oxidase 1 [Source:HGNC Symbol;Acc:HGNC:9756]	-1.4588982	
